1009225694	2026-08-11T08:09:04.8211320000	/home/ubuntu/data/exp001/archive/POL7500H_p010_7d_FIXED.dump
959568664	2026-08-11T07:03:17.4692960000	/home/ubuntu/data/exp001/archive/POL7500H_p010_7d.dump
888791375	2026-08-04T21:09:50.4931880000	/home/ubuntu/data/exp001/archive/BASE7500_nopolicy_7d.dump
785727594	2026-08-07T22:43:37.7718940000	/home/ubuntu/data/exp001/archive/BASE7500H_nopolicy_7d.dump
783338501	2026-07-22T18:27:48.3296570000	/home/ubuntu/data/dumps_nopolicy/nopolicy_through_20250727.dump
723744468	2026-07-18T14:36:39.4763390000	/home/ubuntu/data/dumps/neo4j_baseline_pre_p010_20250720.dump
579982325	2026-08-05T10:30:38.6761380000	/home/ubuntu/data/dumps_restore/neo4j.dump
579982325	2026-07-16T16:54:58.3795330000	/home/ubuntu/data/dumps/neo4j_base_day0.dump
437394033	2026-08-02T14:02:52.2051430000	/home/ubuntu/data/exp001/archive/BASE_nopolicy_7d_200agents.dump
237945622	2026-08-12T11:48:04.0039730000	/home/ubuntu/data/sglang.log
