행안부코드,SGIS코드,행정동명
11110515,11010530,사직동
11110530,11010730,혜화동
11110540,11010580,교남동
11110560,11010720,청운효자동
11110580,11010530,사직동
11110615,11010730,혜화동
11110630,11010550,부암동
11110640,11010560,평창동
11110650,11010560,평창동
11110670,11010720,청운효자동
11110680,11010560,평창동
11110690,11010560,평창동
11110700,11010720,청운효자동
11140520,11010720,청운효자동
11140540,11010600,가회동
11140550,11010530,사직동
11140570,11010560,평창동
11140580,11010560,평창동
11140590,11010550,부암동
11140625,11010560,평창동
11140650,11010530,사직동
11140680,11010530,사직동
11170510,11010560,평창동
11170520,11010560,평창동
11170530,11010550,부암동
11170555,11130650,홍제2동
11170590,11010540,삼청동
11170625,11010640,이화동
11170640,11130520,천연동
11170650,11010560,평창동
11170660,11010540,삼청동
11170685,11010540,삼청동
11170690,11010560,평창동
11170700,11010570,무악동
11200535,11010560,평창동
11200540,11010720,청운효자동
11200550,11010580,교남동
11200560,11130650,홍제2동
11200615,11010550,부암동
11200660,11010640,이화동
11200690,11080640,정릉3동
11200720,11010560,평창동
11215710,11010720,청운효자동
11215730,11010560,평창동
11215740,11010530,사직동
11215750,11010720,청운효자동
11215760,11010610,종로1·2·3·4가동
11215770,11010530,사직동
11215780,11010710,숭인2동
11215810,11010560,평창동
11215820,11010720,청운효자동
11215830,11010530,사직동
11215850,11010560,평창동
11215860,11010580,교남동
11215870,11010550,부암동
11230536,11010610,종로1·2·3·4가동
11230545,11010560,평창동
11230560,11010720,청운효자동
11230570,11080640,정릉3동
11230610,11010550,부암동
11230710,11010610,종로1·2·3·4가동
11230720,11010540,삼청동
11230730,11010560,평창동
11230750,11010720,청운효자동
11260540,11010530,사직동
11260565,11010570,무악동
11260570,11010560,평창동
11260575,11010530,사직동
11260590,11010530,사직동
11260620,11010560,평창동
11260655,11010560,평창동
11260680,11010720,청운효자동
11260690,11010540,삼청동
11290525,11010560,평창동
11290555,11010730,혜화동
11290575,11010530,사직동
11290590,11010560,평창동
11290610,11010530,사직동
11290620,11010530,사직동
11290630,11010560,평창동
11290640,11010560,평창동
11290650,11080630,정릉2동
11290660,11010550,부암동
11290705,11010630,종로5·6가동
11290725,11010560,평창동
11290760,11010530,사직동
11290770,11010560,평창동
11290780,11010640,이화동
11290810,11010530,사직동
11305545,11010540,삼청동
11305606,11010560,평창동
11305610,11010530,사직동
11305645,11010540,삼청동
11305660,11020520,소공동
11320511,11010550,부암동
11320512,11010610,종로1·2·3·4가동
11320513,11010540,삼청동
11320514,11010560,평창동
11320521,11080640,정릉3동
11320660,11080640,정릉3동
11320670,11130640,홍제3동
11320680,11010720,청운효자동
11320700,11010560,평창동
11320710,11010720,청운효자동
11350560,11010560,평창동
11350580,11010560,평창동
11350600,11010720,청운효자동
11350611,11010720,청운효자동
11350612,11010630,종로5·6가동
11350619,11010530,사직동
11350621,11010540,삼청동
11350624,11010720,청운효자동
11350625,11010540,삼청동
11350630,11010550,부암동
11350640,11010530,사직동
11350665,11010530,사직동
11350670,11010540,삼청동
11350710,11010570,무악동
11380510,11010630,종로5·6가동
11380520,11010560,평창동
11380530,11080640,정릉3동
11380552,11010580,교남동
11380560,11080640,정릉3동
11380570,11080650,정릉4동
11380580,11010730,혜화동
11380590,11010550,부암동
11380625,11010560,평창동
11380631,11010560,평창동
11380632,11010560,평창동
11380640,11010560,평창동
11380650,11010640,이화동
11380690,11010610,종로1·2·3·4가동
11410520,11010580,교남동
11410565,11010550,부암동
11410615,11010610,종로1·2·3·4가동
11410620,11010550,부암동
11410640,11010570,무악동
11410655,11010550,부암동
11410660,11010560,평창동
11410700,11010720,청운효자동
11410720,11130520,천연동
11440555,11010530,사직동
11440585,11010530,사직동
11440590,11020550,명동
11440610,11010530,사직동
11440630,11010580,교남동
11440655,11010530,사직동
11440660,11010560,평창동
11440680,11010580,교남동
11440690,11010560,평창동
11440700,11010560,평창동
11440710,11010540,삼청동
11440720,11010530,사직동
11440740,11010560,평창동
11470510,11010540,삼청동
11470530,11010540,삼청동
11470560,11010720,청운효자동
11470570,11010560,평창동
11470580,11010550,부암동
11470590,11010560,평창동
11470610,11010530,사직동
11470630,11010720,청운효자동
11470640,11010570,무악동
11470680,11010560,평창동
11500510,11010530,사직동
11500535,11010540,삼청동
11500550,11010550,부암동
11500560,11010560,평창동
11500570,11010560,평창동
11500590,11010530,사직동
11500591,11010720,청운효자동
11500593,11010560,평창동
11500603,11010720,청운효자동
11500604,11010560,평창동
11500611,11010720,청운효자동
11500615,11010720,청운효자동
11500630,11010720,청운효자동
11500640,11010720,청운효자동
11530510,11010610,종로1·2·3·4가동
11530520,11010640,이화동
11530540,11080650,정릉4동
11530550,11080810,성북동
11530560,11080640,정릉3동
11530730,11010540,삼청동
11530740,11010570,무악동
11530750,11010550,부암동
11530770,11010640,이화동
11530780,11010720,청운효자동
11530790,11010720,청운효자동
11545510,11010560,평창동
11545610,11010550,부암동
11545620,11010560,평창동
11545630,11010720,청운효자동
11545640,11010580,교남동
11545680,11080810,성북동
11545690,11010560,평창동
11545700,11010730,혜화동
11560515,11010540,삼청동
11560540,11010550,부암동
11560550,11010560,평창동
11560560,11010720,청운효자동
11560610,11010550,부암동
11560630,11010530,사직동
11560660,11010670,창신1동
11560670,11010690,창신3동
11560690,11080650,정릉4동
11590520,11010560,평창동
11590530,11010530,사직동
11590550,11010530,사직동
11590560,11010610,종로1·2·3·4가동
11590605,11010570,무악동
11590620,11010560,평창동
11590630,11080640,정릉3동
11590640,11010560,평창동
11590650,11010730,혜화동
11590651,11010720,청운효자동
11590660,11010610,종로1·2·3·4가동
11590670,11010560,평창동
11590680,11010560,평창동
11620545,11010610,종로1·2·3·4가동
11620575,11010560,평창동
11620585,11010720,청운효자동
11620605,11010560,평창동
11620615,11010540,삼청동
11620625,11010560,평창동
11620630,11010580,교남동
11620645,11010720,청운효자동
11620655,11010530,사직동
11620695,11010560,평창동
11620725,11010560,평창동
11620735,11130650,홍제2동
11620745,11010560,평창동
11620765,11010560,평창동
11620775,11010720,청운효자동
11650510,11010550,부암동
11650520,11010550,부암동
11650530,11010560,평창동
11650531,11010560,평창동
11650550,11010610,종로1·2·3·4가동
11650560,11010530,사직동
11650570,11010550,부암동
11650581,11010550,부암동
11650590,11010580,교남동
11650600,11010540,삼청동
11650610,11010580,교남동
11650621,11010550,부암동
11650651,11010560,평창동
11650652,11010580,교남동
11680510,11010560,평창동
11680521,11010530,사직동
11680531,11010560,평창동
11680545,11010560,평창동
11680565,11010530,사직동
11680590,11010550,부암동
11680610,11010730,혜화동
11680656,11010560,평창동
11680670,11130650,홍제2동
11680690,11010560,평창동
11680740,11010630,종로5·6가동
11710510,11010720,청운효자동
11710531,11010720,청운효자동
11710532,11010610,종로1·2·3·4가동
11710562,11010720,청운효자동
11710566,11010540,삼청동
11710570,11010720,청운효자동
11710580,11010560,평창동
11710590,11010530,사직동
11710610,11010560,평창동
11710620,11010550,부암동
11710631,11010530,사직동
11710632,11010560,평창동
11710647,11010560,평창동
11710670,11010610,종로1·2·3·4가동
11710710,11010560,평창동
11710720,11010560,평창동
11740515,11010530,사직동
11740520,11010560,평창동
11740530,11080640,정릉3동
11740540,11010730,혜화동
11740570,11010570,무악동
11740580,11010530,사직동
11740590,11010560,평창동
11740600,11010720,청운효자동
11740610,11010560,평창동
11740650,11090690,삼양동
11740660,11010560,평창동
11740685,11010720,청운효자동
11740700,11010720,청운효자동
